1,油揚げ丼
2,ウィンナーのリゾット
3,オムライス
4,親子丼
5,海鮮あんかけ炒飯
6,カツ丼
7,かに雑炊
8,かに玉丼
9,カレードリア
10,カレーピラフ
11,カレーライス
12,キャベツのリゾット
13,牛玉丼
14,牛丼
15,根菜のリゾット
16,鮭親子丼
17,シーフードリゾット
18,鯛飯
19,炊き込みごはん
20,たこ飯
21,卵雑炊
22,チキンカレー
23,チャーハン
24,ちらし寿司
25,ツナマヨ丼
26,鉄火丼
27,豆腐丼
28,トマトとなすのカレー
29,トマトのチキンドリア
30,鶏雑炊
31,ねぎとろ丼
32,バターライス
33,ひつまぶし
34,ピザ
35,豚丼
36,豚の生姜焼き丼
37,ほうれん草のグラタン
38,舞茸丼
39,まぐろアボカド丼
40,まぐろステーキ丼
41,まぐろの漬け丼
42,麻婆茄子丼
43,ミラノ風ドリア
44,ミートソースドリア
45,焼きおにぎり
46,ライスバーガー
47,レタス炒飯
48,あさりとバジルのパスタ
49,うどん
50,堅焼きそば
51,カルボナーラ
52,きつねうどん
53,サラダうどん
54,塩焼きそば
55,すき焼きうどん
56,スパゲティサラダ
57,坦々麺
58,ツナマヨパスタ
59,なすのスパゲティ
60,冷やしたぬきうどん
61,冷やし中華
62,マカロニグラタン
63,麻婆麺
64,ミートソース
65,焼きうどん
66,やきそば
67,ラーメン
68,冷麺
69,あさりの酒蒸し
70,鮎の唐揚げ
71,エビチリ
72,えびとブロッコリーの炒め物
73,カキフライ
74,カレイの唐揚げ
75,クラムチャウダー
76,サケのホイル巻き
77,鮭のホイル焼き
78,さばの味噌煮
79,さんまの竜田揚げ
80,ちゃんちゃん焼き
81,つみれ汁
82,ぶりの照り焼き
83,ぶり大根
84,ほたての甘辛煮
85,まぐろのカルパッチョ
86,牛ごぼう
87,肉じゃが
88,煮込みハンバーグ
89,ハンバーグ
90,ビーフシチュー
91,ローストビーフ
92,和風ハンバーグ
93,餃子
94,餃子
95,酢豚
96,チーズハンバーグ
97,とんかつ（ヒレかつ）
98,とんかつ（ロースかつ）
99,肉じゃが
100,肉団子の甘酢あんかけ
101,肉まん
102,豚キムチ
103,豚の角煮
104,ポークピカタ
105,マーボー春雨
106,ミルフィーユカツ
107,焼豚
108,いりどり
109,鶏肉のトマト煮
110,手羽先の唐揚げ
111,チキンチーズカツ
112,手羽元の甘酢煮
113,照り焼きチキン
114,鶏皮ときゅうりの和え物
115,鶏肉とエリンギの炒め物
116,鶏肉と里芋の煮物
117,鶏肉の豆腐ハンバーグ
118,とりのからあげ
119,鶏の唐揚げ
120,バンバンジー
121,油揚げの卵とじ
122,オムレツ
123,温泉卵
124,錦糸玉子
125,卵の袋煮
126,茶わん蒸し
127,茶碗蒸し
128,煮卵
129,ニラ玉
130,揚げ出し豆腐のきのこあんかけ
131,アスパラチーズカツ
132,厚揚げの煮込み
133,油揚げの炒め物
134,炒り豆腐
135,卯の花
136,豆腐ステーキ
137,肉豆腐
138,冷奴
139,揚げ野菜のおろし酢和え
140,アスパラベーコン巻き
141,アボカドサラダ
142,エビマヨサラダ
143,オニオンサラダ
144,かにクリームコロッケ
145,かぶの千枚漬け
146,かぼちゃサラダ
147,かぼちゃのそぼろあんかけ
148,かぼちゃの煮物
149,キャベツの漬物
150,切干大根
151,きんぴら
152,きんぴらごぼう
153,コロッケ
154,コールスロー
155,ごぼうサラダ
156,五目豆
157,さつまいものきんぴら
158,里芋といかの煮付け
159,里芋のそぼろあんかけ
160,里芋の田楽
161,シーザーサラダ
162,じゃがいもの味噌煮
163,ジャーマンポテト
164,雑煮
165,竹の子の煮物
166,たこときゅうりの酢の物
167,大学芋
168,大根サラダ
169,大根ステーキ
170,大根のハリハリ漬け
171,筑前煮
172,チンジャオロース
173,冬瓜汁
174,豆腐サラダ
175,トマトサラダ
176,トマトとモッツァレラチーズのサラダ
177,生春巻き
178,なめことオクラの和え物
179,肉野菜炒め
180,にんじんのグラッセ
181,白菜と豚肉の重ね煮
182,白菜のすき焼き風煮込み
183,ハッシュドポテト
184,八宝菜
185,春雨サラダ
186,春巻き
187,バンバンジーサラダ
188,ひじき
189,ひじきとかぶの和え物
190,ピーマンの肉詰め
191,豚しゃぶサラダ
192,回鍋肉
193,ほうれん草のおひたし
194,ほうれん草のごまあえ
195,ほうれん草のごま和え
196,ほうれん草のバター炒め
197,ポテトサラダ
198,マカロニサラダ
199,水菜とトマトのサラダ
200,焼きなす
201,野菜と豚肉の味噌炒め
202,野菜のかき揚げ
203,れんこんの磯部焼き
204,れんこんのはさみ揚げ
205,ロールキャベツ
206,あさりの味噌汁
207,オニオンスープ
208,キャベツのクリーム煮スープ
209,餃子スープ
210,クラムチャウダー
211,クリームシチュー
212,けんちん汁
213,根菜のすまし汁
214,コーンポタージュ
215,玉子スープ
216,中華風スープ
217,トマトとなすのグラタン
218,豚汁
219,パングラタン
220,ポトフ
221,マカロニグラタン
222,ミネストローネ
223,もつ煮込み
224,レタスの玉子スープ
225,ワンタンスープ
